# Potega x, wspolczynnik
0.000000000000000000e+00,-8.374792951514583805e+00
1.000000000000000000e+00,6.931471805599452862e-01
